<?xml version="1.0" encoding="utf-8"?>
<ArrayOfOnePointTelop xmlns:xsd="http://www.w3.org/2001/XMLSchema" xmlns:xsi="http://www.w3.org/2001/XMLSchema-instance">
  <OnePointTelop>
    <AddMessageEnabled>false</AddMessageEnabled>
    <BackgroundAlpha>0</BackgroundAlpha>
    <BackgroundColor>#FFFFFF</BackgroundColor>
    <Delay>0</Delay>
    <DelayTextToSpeak />
    <DisplayTime>3</DisplayTime>
    <Enabled>true</Enabled>
    <Font FontFamily="メイリオ" Size="35" Stretch="Normal" Style="Normal" Weight="Bold" />
    <FontColor>White</FontColor>
    <FontOutlineColor>Blue</FontOutlineColor>
    <Guid>de9bc249-8193-49bd-af85-e315d88088b9</Guid>
    <ID>118</ID>
    <JobFilter />
    <Keyword>は「クランプ」の構え</Keyword>
    <KeywordToHide />
    <Left>660</Left>
    <MatchTextToSpeak>クランプ</MatchTextToSpeak>
    <Message>クランプ</Message>
    <ProgressBarEnabled>false</ProgressBarEnabled>
    <RegexEnabled>false</RegexEnabled>
    <TimersMustRunningForStart />
    <TimersMustStoppingForStart />
    <Title>オメガ1.クランプ</Title>
    <Top>350</Top>
    <ZoneFilter>695,691</ZoneFilter>
    <DelaySound />
    <MatchSound />
  </OnePointTelop>
  <OnePointTelop>
    <AddMessageEnabled>false</AddMessageEnabled>
    <BackgroundAlpha>0</BackgroundAlpha>
    <BackgroundColor>#FFFFFF</BackgroundColor>
    <Delay>0</Delay>
    <DelayTextToSpeak />
    <DisplayTime>3</DisplayTime>
    <Enabled>true</Enabled>
    <Font FontFamily="メイリオ" Size="35" Stretch="Normal" Style="Normal" Weight="Bold" />
    <FontColor>White</FontColor>
    <FontOutlineColor>Blue</FontOutlineColor>
    <Guid>5bd59070-9b82-44cf-b288-0dd70a02a952</Guid>
    <ID>117</ID>
    <JobFilter />
    <Keyword>は「ツインボルト」の構え</Keyword>
    <KeywordToHide />
    <Left>660</Left>
    <MatchTextToSpeak>ツインボルト</MatchTextToSpeak>
    <Message>ツインボルト</Message>
    <ProgressBarEnabled>false</ProgressBarEnabled>
    <RegexEnabled>false</RegexEnabled>
    <TimersMustRunningForStart />
    <TimersMustStoppingForStart />
    <Title>オメガ1.ツインボルト</Title>
    <Top>350</Top>
    <ZoneFilter>695,691</ZoneFilter>
    <DelaySound />
    <MatchSound />
  </OnePointTelop>
  <OnePointTelop>
    <AddMessageEnabled>false</AddMessageEnabled>
    <BackgroundAlpha>0</BackgroundAlpha>
    <BackgroundColor>#FFFFFF</BackgroundColor>
    <Delay>0</Delay>
    <DelayTextToSpeak />
    <DisplayTime>3</DisplayTime>
    <Enabled>true</Enabled>
    <Font FontFamily="メイリオ" Size="35" Stretch="Normal" Style="Normal" Weight="Bold" />
    <FontColor>White</FontColor>
    <FontOutlineColor>Blue</FontOutlineColor>
    <Guid>8748ff1e-9797-4b58-91a6-25a1fbd3a6e3</Guid>
    <ID>119</ID>
    <JobFilter />
    <Keyword>は「イビルスフィア」の構え</Keyword>
    <KeywordToHide />
    <Left>660</Left>
    <MatchTextToSpeak>イビルスフィア</MatchTextToSpeak>
    <Message>イビルスフィア</Message>
    <ProgressBarEnabled>false</ProgressBarEnabled>
    <RegexEnabled>false</RegexEnabled>
    <TimersMustRunningForStart />
    <TimersMustStoppingForStart />
    <Title>オメガ2.イビルスフィア</Title>
    <Top>350</Top>
    <ZoneFilter>696,692</ZoneFilter>
    <DelaySound />
    <MatchSound />
  </OnePointTelop>
  <OnePointTelop>
    <AddMessageEnabled>false</AddMessageEnabled>
    <BackgroundAlpha>0</BackgroundAlpha>
    <BackgroundColor>#FFFFFF</BackgroundColor>
    <Delay>0</Delay>
    <DelayTextToSpeak />
    <DisplayTime>3</DisplayTime>
    <Enabled>true</Enabled>
    <Font FontFamily="メイリオ" Size="35" Stretch="Normal" Style="Normal" Weight="Bold" />
    <FontColor>White</FontColor>
    <FontOutlineColor>Blue</FontOutlineColor>
    <Guid>684577af-1510-4137-af97-de93fd41b4f2</Guid>
    <ID>121</ID>
    <JobFilter />
    <Keyword>&lt;mex&gt;に「グラビティバースト」の効果</Keyword>
    <KeywordToHide />
    <Left>660</Left>
    <MatchTextToSpeak>グラビティー</MatchTextToSpeak>
    <Message>グラビティバースト</Message>
    <ProgressBarEnabled>false</ProgressBarEnabled>
    <RegexEnabled>true</RegexEnabled>
    <TimersMustRunningForStart />
    <TimersMustStoppingForStart />
    <Title>オメガ2.グラビティバースト</Title>
    <Top>350</Top>
    <ZoneFilter>696,692</ZoneFilter>
    <DelaySound />
    <MatchSound />
  </OnePointTelop>
  <OnePointTelop>
    <AddMessageEnabled>false</AddMessageEnabled>
    <BackgroundAlpha>0</BackgroundAlpha>
    <BackgroundColor>#FFFFFF</BackgroundColor>
    <Delay>0</Delay>
    <DelayTextToSpeak />
    <DisplayTime>3</DisplayTime>
    <Enabled>false</Enabled>
    <Font FontFamily="メイリオ" Size="35" Stretch="Normal" Style="Normal" Weight="Bold" />
    <FontColor>White</FontColor>
    <FontOutlineColor>Blue</FontOutlineColor>
    <Guid>d3f8938a-e13d-4a59-bcf1-37c25ff778fd</Guid>
    <ID>120</ID>
    <JobFilter />
    <Keyword>は「死神の瞳」の構え</Keyword>
    <KeywordToHide />
    <Left>660</Left>
    <MatchTextToSpeak>死神の瞳</MatchTextToSpeak>
    <Message>死神の瞳</Message>
    <ProgressBarEnabled>false</ProgressBarEnabled>
    <RegexEnabled>false</RegexEnabled>
    <TimersMustRunningForStart />
    <TimersMustStoppingForStart />
    <Title>オメガ2.死神の瞳</Title>
    <Top>350</Top>
    <ZoneFilter>696,692</ZoneFilter>
    <DelaySound />
    <MatchSound />
  </OnePointTelop>
  <OnePointTelop>
    <AddMessageEnabled>false</AddMessageEnabled>
    <BackgroundAlpha>0</BackgroundAlpha>
    <BackgroundColor>#FFFFFF</BackgroundColor>
    <Delay>0</Delay>
    <DelayTextToSpeak />
    <DisplayTime>3</DisplayTime>
    <Enabled>false</Enabled>
    <Font FontFamily="メイリオ" Size="35" Stretch="Normal" Style="Normal" Weight="Bold" />
    <FontColor>White</FontColor>
    <FontOutlineColor>Blue</FontOutlineColor>
    <Guid>1c4cd9b6-e657-41d4-b6c7-dbaf12e0f6e5</Guid>
    <ID>124</ID>
    <JobFilter />
    <Keyword>の「呪詛波」</Keyword>
    <KeywordToHide />
    <Left>660</Left>
    <MatchTextToSpeak>呪詛</MatchTextToSpeak>
    <Message>呪詛波</Message>
    <ProgressBarEnabled>false</ProgressBarEnabled>
    <RegexEnabled>false</RegexEnabled>
    <TimersMustRunningForStart />
    <TimersMustStoppingForStart />
    <Title>オメガ2.呪詛波</Title>
    <Top>350</Top>
    <ZoneFilter>696,692</ZoneFilter>
    <DelaySound />
    <MatchSound />
  </OnePointTelop>
  <OnePointTelop>
    <AddMessageEnabled>false</AddMessageEnabled>
    <BackgroundAlpha>0</BackgroundAlpha>
    <BackgroundColor>#FFFFFF</BackgroundColor>
    <Delay>0</Delay>
    <DelayTextToSpeak />
    <DisplayTime>3</DisplayTime>
    <Enabled>true</Enabled>
    <Font FontFamily="メイリオ" Size="35" Stretch="Normal" Style="Normal" Weight="Bold" />
    <FontColor>White</FontColor>
    <FontOutlineColor>Blue</FontOutlineColor>
    <Guid>20950b97-7e1b-40ce-8c26-9a47b24c5f29</Guid>
    <ID>122</ID>
    <JobFilter />
    <Keyword>は「重力波」の構え。</Keyword>
    <KeywordToHide />
    <Left>660</Left>
    <MatchTextToSpeak>重力波</MatchTextToSpeak>
    <Message>重力波</Message>
    <ProgressBarEnabled>false</ProgressBarEnabled>
    <RegexEnabled>false</RegexEnabled>
    <TimersMustRunningForStart />
    <TimersMustStoppingForStart />
    <Title>オメガ2.重力波</Title>
    <Top>350</Top>
    <ZoneFilter>696,692</ZoneFilter>
    <DelaySound />
    <MatchSound />
  </OnePointTelop>
  <OnePointTelop>
    <AddMessageEnabled>false</AddMessageEnabled>
    <BackgroundAlpha>0</BackgroundAlpha>
    <BackgroundColor>#FFFFFF</BackgroundColor>
    <Delay>0</Delay>
    <DelayTextToSpeak />
    <DisplayTime>3</DisplayTime>
    <Enabled>true</Enabled>
    <Font FontFamily="メイリオ" Size="35" Stretch="Normal" Style="Normal" Weight="Bold" />
    <FontColor>White</FontColor>
    <FontOutlineColor>Blue</FontOutlineColor>
    <Guid>b0543ef3-e813-4925-a29b-a56e677ab4c6</Guid>
    <ID>129</ID>
    <JobFilter />
    <Keyword>「クルルルル！」の構え</Keyword>
    <KeywordToHide />
    <Left>660</Left>
    <MatchTextToSpeak>カエル</MatchTextToSpeak>
    <Message>カエル</Message>
    <ProgressBarEnabled>false</ProgressBarEnabled>
    <RegexEnabled>false</RegexEnabled>
    <TimersMustRunningForStart />
    <TimersMustStoppingForStart />
    <Title>オメガ3.カエル</Title>
    <Top>350</Top>
    <ZoneFilter>697,693</ZoneFilter>
    <DelaySound />
    <MatchSound />
  </OnePointTelop>
  <OnePointTelop>
    <AddMessageEnabled>false</AddMessageEnabled>
    <BackgroundAlpha>0</BackgroundAlpha>
    <BackgroundColor>#FFFFFF</BackgroundColor>
    <Delay>0</Delay>
    <DelayTextToSpeak />
    <DisplayTime>3</DisplayTime>
    <Enabled>true</Enabled>
    <Font FontFamily="メイリオ" Size="35" Stretch="Normal" Style="Normal" Weight="Bold" />
    <FontColor>White</FontColor>
    <FontOutlineColor>Blue</FontOutlineColor>
    <Guid>4f860234-be44-45e7-955d-f7c55de1e789</Guid>
    <ID>131</ID>
    <JobFilter />
    <Keyword>「カルルルル！」の構え</Keyword>
    <KeywordToHide />
    <Left>660</Left>
    <MatchTextToSpeak>カッパー</MatchTextToSpeak>
    <Message>カッパー</Message>
    <ProgressBarEnabled>false</ProgressBarEnabled>
    <RegexEnabled>false</RegexEnabled>
    <TimersMustRunningForStart />
    <TimersMustStoppingForStart />
    <Title>オメガ3.カッパー</Title>
    <Top>350</Top>
    <ZoneFilter>697,693</ZoneFilter>
    <DelaySound />
    <MatchSound />
  </OnePointTelop>
  <OnePointTelop>
    <AddMessageEnabled>false</AddMessageEnabled>
    <BackgroundAlpha>0</BackgroundAlpha>
    <BackgroundColor>#FFFFFF</BackgroundColor>
    <Delay>0</Delay>
    <DelayTextToSpeak />
    <DisplayTime>3</DisplayTime>
    <Enabled>true</Enabled>
    <Font FontFamily="メイリオ" Size="35" Stretch="Normal" Style="Normal" Weight="Bold" />
    <FontColor>White</FontColor>
    <FontOutlineColor>Blue</FontOutlineColor>
    <Guid>5da390a4-feb9-4e13-acb7-ad460b09585c</Guid>
    <ID>132</ID>
    <JobFilter />
    <Keyword>「クリティカル」の構え</Keyword>
    <KeywordToHide />
    <Left>660</Left>
    <MatchTextToSpeak>クリティカル</MatchTextToSpeak>
    <Message>クリティカル</Message>
    <ProgressBarEnabled>false</ProgressBarEnabled>
    <RegexEnabled>false</RegexEnabled>
    <TimersMustRunningForStart />
    <TimersMustStoppingForStart />
    <Title>オメガ3.クリティカル</Title>
    <Top>350</Top>
    <ZoneFilter>697,693</ZoneFilter>
    <DelaySound />
    <MatchSound />
  </OnePointTelop>
  <OnePointTelop>
    <AddMessageEnabled>false</AddMessageEnabled>
    <BackgroundAlpha>0</BackgroundAlpha>
    <BackgroundColor>#FFFFFF</BackgroundColor>
    <Delay>0</Delay>
    <DelayTextToSpeak />
    <DisplayTime>3</DisplayTime>
    <Enabled>true</Enabled>
    <Font FontFamily="メイリオ" Size="35" Stretch="Normal" Style="Normal" Weight="Bold" />
    <FontColor>White</FontColor>
    <FontOutlineColor>Blue</FontOutlineColor>
    <Guid>45bbbcf6-1de9-48fe-9d11-38abdc209ad2</Guid>
    <ID>142</ID>
    <JobFilter />
    <Keyword>starts using サモンデストークン</Keyword>
    <KeywordToHide />
    <Left>660</Left>
    <MatchTextToSpeak>サモンデス</MatchTextToSpeak>
    <Message>サモンデストークン</Message>
    <ProgressBarEnabled>false</ProgressBarEnabled>
    <RegexEnabled>false</RegexEnabled>
    <TimersMustRunningForStart />
    <TimersMustStoppingForStart />
    <Title>オメガ3.サモンデストークン</Title>
    <Top>350</Top>
    <ZoneFilter>697,693</ZoneFilter>
    <DelaySound />
    <MatchSound />
  </OnePointTelop>
  <OnePointTelop>
    <AddMessageEnabled>false</AddMessageEnabled>
    <BackgroundAlpha>0</BackgroundAlpha>
    <BackgroundColor>#FFFFFF</BackgroundColor>
    <Delay>0</Delay>
    <DelayTextToSpeak />
    <DisplayTime>3</DisplayTime>
    <Enabled>true</Enabled>
    <Font FontFamily="メイリオ" Size="35" Stretch="Normal" Style="Normal" Weight="Bold" />
    <FontColor>White</FontColor>
    <FontOutlineColor>Blue</FontOutlineColor>
    <Guid>bcfd7f1b-c13a-40fb-84d5-5ddb76d105da</Guid>
    <ID>141</ID>
    <JobFilter />
    <Keyword>は「サモントークン」の構え。</Keyword>
    <KeywordToHide />
    <Left>660</Left>
    <MatchTextToSpeak>サモン</MatchTextToSpeak>
    <Message>サモントークン</Message>
    <ProgressBarEnabled>false</ProgressBarEnabled>
    <RegexEnabled>false</RegexEnabled>
    <TimersMustRunningForStart />
    <TimersMustStoppingForStart />
    <Title>オメガ3.サモントークン</Title>
    <Top>350</Top>
    <ZoneFilter>697,693</ZoneFilter>
    <DelaySound />
    <MatchSound />
  </OnePointTelop>
  <OnePointTelop>
    <AddMessageEnabled>false</AddMessageEnabled>
    <BackgroundAlpha>0</BackgroundAlpha>
    <BackgroundColor>#FFFFFF</BackgroundColor>
    <Delay>0</Delay>
    <DelayTextToSpeak />
    <DisplayTime>3</DisplayTime>
    <Enabled>true</Enabled>
    <Font FontFamily="メイリオ" Size="35" Stretch="Normal" Style="Normal" Weight="Bold" />
    <FontColor>White</FontColor>
    <FontOutlineColor>Blue</FontOutlineColor>
    <Guid>b156a85b-615f-458e-8a20-28fd0adb6760</Guid>
    <ID>130</ID>
    <JobFilter />
    <Keyword>「ポルルルル！」の構え</Keyword>
    <KeywordToHide />
    <Left>660</Left>
    <MatchTextToSpeak>ポーキー</MatchTextToSpeak>
    <Message>ポーキー</Message>
    <ProgressBarEnabled>false</ProgressBarEnabled>
    <RegexEnabled>false</RegexEnabled>
    <TimersMustRunningForStart />
    <TimersMustStoppingForStart />
    <Title>オメガ3.ポーキー</Title>
    <Top>350</Top>
    <ZoneFilter>697,693</ZoneFilter>
    <DelaySound />
    <MatchSound />
  </OnePointTelop>
  <OnePointTelop>
    <AddMessageEnabled>false</AddMessageEnabled>
    <BackgroundAlpha>0</BackgroundAlpha>
    <BackgroundColor>#FFFFFF</BackgroundColor>
    <Delay>0</Delay>
    <DelayTextToSpeak />
    <DisplayTime>3</DisplayTime>
    <Enabled>true</Enabled>
    <Font FontFamily="メイリオ" Size="35" Stretch="Normal" Style="Normal" Weight="Bold" />
    <FontColor>White</FontColor>
    <FontOutlineColor>Blue</FontOutlineColor>
    <Guid>6d9c5d7b-8e76-48b4-b8c8-0442f3f35f35</Guid>
    <ID>140</ID>
    <JobFilter />
    <Keyword>&lt;mex&gt;に「移動命令：(.)」の効果。</Keyword>
    <KeywordToHide />
    <Left>660</Left>
    <MatchTextToSpeak>移動命令</MatchTextToSpeak>
    <Message>$1</Message>
    <ProgressBarEnabled>false</ProgressBarEnabled>
    <RegexEnabled>true</RegexEnabled>
    <TimersMustRunningForStart />
    <TimersMustStoppingForStart />
    <Title>オメガ3.移動命令</Title>
    <Top>350</Top>
    <ZoneFilter>697,693</ZoneFilter>
    <DelaySound />
    <MatchSound />
  </OnePointTelop>
  <OnePointTelop>
    <AddMessageEnabled>false</AddMessageEnabled>
    <BackgroundAlpha>0</BackgroundAlpha>
    <BackgroundColor>#FFFFFF</BackgroundColor>
    <Delay>0</Delay>
    <DelayTextToSpeak />
    <DisplayTime>3</DisplayTime>
    <Enabled>true</Enabled>
    <Font FontFamily="メイリオ" Size="35" Stretch="Normal" Style="Normal" Weight="Bold" />
    <FontColor>White</FontColor>
    <FontOutlineColor>Blue</FontOutlineColor>
    <Guid>d226af06-8b9c-42c5-96e4-dc680297ec0e</Guid>
    <ID>133</ID>
    <JobFilter />
    <Keyword>「次元波動」を唱えた</Keyword>
    <KeywordToHide />
    <Left>660</Left>
    <MatchTextToSpeak>次元波動</MatchTextToSpeak>
    <Message>次元波動</Message>
    <ProgressBarEnabled>false</ProgressBarEnabled>
    <RegexEnabled>false</RegexEnabled>
    <TimersMustRunningForStart />
    <TimersMustStoppingForStart />
    <Title>オメガ3.次元波動</Title>
    <Top>350</Top>
    <ZoneFilter>697,693</ZoneFilter>
    <DelaySound />
    <MatchSound />
  </OnePointTelop>
  <OnePointTelop>
    <AddMessageEnabled>false</AddMessageEnabled>
    <BackgroundAlpha>0</BackgroundAlpha>
    <BackgroundColor>#FFFFFF</BackgroundColor>
    <Delay>0</Delay>
    <DelayTextToSpeak />
    <DisplayTime>3</DisplayTime>
    <Enabled>true</Enabled>
    <Font FontFamily="メイリオ" Size="30.5" Stretch="Normal" Style="Normal" Weight="Bold" />
    <FontColor>White</FontColor>
    <FontOutlineColor>Blue</FontOutlineColor>
    <Guid>073cf16b-bba7-4fde-8295-ab18aa487187</Guid>
    <ID>138</ID>
    <JobFilter />
    <Keyword>1B:........:(&lt;mex&gt;|&lt;2ex&gt;|&lt;3ex&gt;|&lt;4ex&gt;|&lt;5ex&gt;|&lt;6ex&gt;|&lt;7ex&gt;|&lt;8ex&gt;):0000:0000:0064</Keyword>
    <KeywordToHide />
    <Left>660</Left>
    <MatchTextToSpeak>磁場転換</MatchTextToSpeak>
    <Message>頭割り➡ $1</Message>
    <ProgressBarEnabled>false</ProgressBarEnabled>
    <RegexEnabled>true</RegexEnabled>
    <TimersMustRunningForStart />
    <TimersMustStoppingForStart />
    <Title>オメガ3.磁場転換1</Title>
    <Top>350</Top>
    <ZoneFilter>697,693</ZoneFilter>
    <DelaySound />
    <MatchSound />
  </OnePointTelop>
  <OnePointTelop>
    <AddMessageEnabled>true</AddMessageEnabled>
    <BackgroundAlpha>0</BackgroundAlpha>
    <BackgroundColor>#FFFFFF</BackgroundColor>
    <Delay>0</Delay>
    <DelayTextToSpeak />
    <DisplayTime>3</DisplayTime>
    <Enabled>true</Enabled>
    <Font FontFamily="メイリオ" Size="30" Stretch="Normal" Style="Normal" Weight="Bold" />
    <FontColor>White</FontColor>
    <FontOutlineColor>#FF8000</FontOutlineColor>
    <Guid>caa3a604-a476-48e1-853a-908a9467346a</Guid>
    <ID>139</ID>
    <JobFilter />
    <Keyword>1B:........:(&lt;mex&gt;|&lt;2ex&gt;|&lt;3ex&gt;|&lt;4ex&gt;|&lt;5ex&gt;|&lt;6ex&gt;|&lt;7ex&gt;|&lt;8ex&gt;):0000:0000:0065</Keyword>
    <KeywordToHide />
    <Left>660</Left>
    <MatchTextToSpeak />
    <Message>AOE➡ $1</Message>
    <ProgressBarEnabled>false</ProgressBarEnabled>
    <RegexEnabled>true</RegexEnabled>
    <TimersMustRunningForStart />
    <TimersMustStoppingForStart />
    <Title>オメガ3.磁場転換2</Title>
    <Top>400</Top>
    <ZoneFilter>697,693</ZoneFilter>
    <DelaySound />
    <MatchSound />
  </OnePointTelop>
  <OnePointTelop>
    <AddMessageEnabled>false</AddMessageEnabled>
    <BackgroundAlpha>0</BackgroundAlpha>
    <BackgroundColor>#FFFFFF</BackgroundColor>
    <Delay>0</Delay>
    <DelayTextToSpeak />
    <DisplayTime>3</DisplayTime>
    <Enabled>true</Enabled>
    <Font FontFamily="メイリオ" Size="35" Stretch="Normal" Style="Normal" Weight="Bold" />
    <FontColor>White</FontColor>
    <FontOutlineColor>Blue</FontOutlineColor>
    <Guid>7cad1c49-c53c-4dfc-a972-74c6de1f7f83</Guid>
    <ID>126</ID>
    <JobFilter />
    <Keyword>14:2308</Keyword>
    <KeywordToHide />
    <Left>660</Left>
    <MatchTextToSpeak>茨の舞い</MatchTextToSpeak>
    <Message>茨の舞い</Message>
    <ProgressBarEnabled>false</ProgressBarEnabled>
    <RegexEnabled>false</RegexEnabled>
    <TimersMustRunningForStart />
    <TimersMustStoppingForStart />
    <Title>オメガ3.女王の舞(茨の舞い)</Title>
    <Top>350</Top>
    <ZoneFilter>697,693</ZoneFilter>
    <DelaySound />
    <MatchSound />
  </OnePointTelop>
  <OnePointTelop>
    <AddMessageEnabled>false</AddMessageEnabled>
    <BackgroundAlpha>0</BackgroundAlpha>
    <BackgroundColor>#FFFFFF</BackgroundColor>
    <Delay>0</Delay>
    <DelayTextToSpeak />
    <DisplayTime>3</DisplayTime>
    <Enabled>true</Enabled>
    <Font FontFamily="メイリオ" Size="35" Stretch="Normal" Style="Normal" Weight="Bold" />
    <FontColor>White</FontColor>
    <FontOutlineColor>Blue</FontOutlineColor>
    <Guid>108322dd-9ab0-42f9-b97d-739b1aefa931</Guid>
    <ID>125</ID>
    <JobFilter />
    <Keyword>14:2306</Keyword>
    <KeywordToHide />
    <Left>660</Left>
    <MatchTextToSpeak>つるぎの舞</MatchTextToSpeak>
    <Message>剣の舞</Message>
    <ProgressBarEnabled>false</ProgressBarEnabled>
    <RegexEnabled>false</RegexEnabled>
    <TimersMustRunningForStart />
    <TimersMustStoppingForStart />
    <Title>オメガ3.女王の舞(剣の舞)</Title>
    <Top>350</Top>
    <ZoneFilter>697,693</ZoneFilter>
    <DelaySound />
    <MatchSound />
  </OnePointTelop>
  <OnePointTelop>
    <AddMessageEnabled>false</AddMessageEnabled>
    <BackgroundAlpha>0</BackgroundAlpha>
    <BackgroundColor>#FFFFFF</BackgroundColor>
    <Delay>0</Delay>
    <DelayTextToSpeak />
    <DisplayTime>3</DisplayTime>
    <Enabled>true</Enabled>
    <Font FontFamily="メイリオ" Size="35" Stretch="Normal" Style="Normal" Weight="Bold" />
    <FontColor>White</FontColor>
    <FontOutlineColor>Blue</FontOutlineColor>
    <Guid>db67319e-a99f-45c0-8285-f0aa120056df</Guid>
    <ID>127</ID>
    <JobFilter />
    <Keyword>14:230A</Keyword>
    <KeywordToHide />
    <Left>660</Left>
    <MatchTextToSpeak>大地の舞い</MatchTextToSpeak>
    <Message>大地の舞い</Message>
    <ProgressBarEnabled>false</ProgressBarEnabled>
    <RegexEnabled>false</RegexEnabled>
    <TimersMustRunningForStart />
    <TimersMustStoppingForStart />
    <Title>オメガ3.女王の舞(大地の舞い)</Title>
    <Top>350</Top>
    <ZoneFilter>697,693</ZoneFilter>
    <DelaySound />
    <MatchSound />
  </OnePointTelop>
  <OnePointTelop>
    <AddMessageEnabled>false</AddMessageEnabled>
    <BackgroundAlpha>0</BackgroundAlpha>
    <BackgroundColor>#FFFFFF</BackgroundColor>
    <Delay>0</Delay>
    <DelayTextToSpeak />
    <DisplayTime>3</DisplayTime>
    <Enabled>true</Enabled>
    <Font FontFamily="メイリオ" Size="35" Stretch="Normal" Style="Normal" Weight="Bold" />
    <FontColor>White</FontColor>
    <FontOutlineColor>Blue</FontOutlineColor>
    <Guid>170e9969-ecdc-40a9-84a8-e58fe574ecff</Guid>
    <ID>128</ID>
    <JobFilter />
    <Keyword>14:230E</Keyword>
    <KeywordToHide />
    <Left>660</Left>
    <MatchTextToSpeak>読書の舞い</MatchTextToSpeak>
    <Message>読書の舞い</Message>
    <ProgressBarEnabled>false</ProgressBarEnabled>
    <RegexEnabled>false</RegexEnabled>
    <TimersMustRunningForStart />
    <TimersMustStoppingForStart />
    <Title>オメガ3.女王の舞(読書の舞い)</Title>
    <Top>350</Top>
    <ZoneFilter>697,693</ZoneFilter>
    <DelaySound />
    <MatchSound />
  </OnePointTelop>
</ArrayOfOnePointTelop>