<?xml version="1.0" encoding="utf-8"?>
<ArrayOfSpellTimer xmlns:xsd="http://www.w3.org/2001/XMLSchema" xmlns:xsi="http://www.w3.org/2001/XMLSchema-instance">
  <SpellTimer>
    <BackgroundAlpha>0</BackgroundAlpha>
    <BackgroundColor>#FFFFFF</BackgroundColor>
    <BarColor>#F9135E</BarColor>
    <BarHeight>8</BarHeight>
    <BarOutlineColor>GhostWhite</BarOutlineColor>
    <BarWidth>220</BarWidth>
    <BeforeTextToSpeak />
    <BeforeTime>0</BeforeTime>
    <ChangeFontColorsWhenWarning>false</ChangeFontColorsWhenWarning>
    <DisplayNo>43</DisplayNo>
    <DontHide>false</DontHide>
    <Enabled>true</Enabled>
    <ExtendBeyondOriginalRecastTime>false</ExtendBeyondOriginalRecastTime>
    <Font FontFamily="メイリオ" Size="14" Stretch="Normal" Style="Normal" Weight="Bold" />
    <FontColor>White</FontColor>
    <FontOutlineColor>#16789D</FontOutlineColor>
    <Guid>ceea9d6c-29ae-4c42-8c45-78f4ebb80b44</Guid>
    <HideSpellName>false</HideSpellName>
    <ID>36</ID>
    <IsReverse>true</IsReverse>
    <JobFilter>19</JobFilter>
    <Keyword>\] .+?:(?&lt;victim&gt;.+?) gains the effect of ゴアブレード from &lt;mex&gt;</Keyword>
    <KeywordForExtend1 />
    <KeywordForExtend2 />
    <MatchDateTime>0001-01-01T00:00:00</MatchDateTime>
    <MatchTextToSpeak />
    <OverlapRecastTime>false</OverlapRecastTime>
    <OverTextToSpeak />
    <OverTime>0</OverTime>
    <Panel>敵へのDoT</Panel>
    <ProgressBarVisible>true</ProgressBarVisible>
    <RecastTime>21</RecastTime>
    <RecastTimeExtending1>0</RecastTimeExtending1>
    <RecastTimeExtending2>0</RecastTimeExtending2>
    <ReduceIconBrightness>false</ReduceIconBrightness>
    <RegexEnabled>true</RegexEnabled>
    <RepeatEnabled>false</RepeatEnabled>
    <SpellIcon />
    <SpellIconSize>0</SpellIconSize>
    <SpellTitle>ゴアブレード,➡ ${victim}</SpellTitle>
    <TimersMustRunningForStart />
    <TimersMustStoppingForStart />
    <TimeupHide>false</TimeupHide>
    <TimeupTextToSpeak />
    <ToInstance>true</ToInstance>
    <UpperLimitOfExtension>0</UpperLimitOfExtension>
    <WarningFontColor>OrangeRed</WarningFontColor>
    <WarningFontOutlineColor>DarkRed</WarningFontOutlineColor>
    <WarningTime>0</WarningTime>
    <BlinkTime>0</BlinkTime>
    <BlinkIcon>false</BlinkIcon>
    <BlinkBar>false</BlinkBar>
    <ZoneFilter />
    <BeforeSound />
    <MatchSound />
    <OverSound />
    <TimeupSound />
  </SpellTimer>
</ArrayOfSpellTimer>