<?xml version="1.0" encoding="utf-8"?>
<ArrayOfSpellTimer xmlns:xsd="http://www.w3.org/2001/XMLSchema" xmlns:xsi="http://www.w3.org/2001/XMLSchema-instance">
  <SpellTimer>
    <BackgroundAlpha>0</BackgroundAlpha>
    <BackgroundColor>#FFFFFF</BackgroundColor>
    <BarColor>#C0C0E0</BarColor>
    <BarHeight>8</BarHeight>
    <BarOutlineColor>White</BarOutlineColor>
    <BarWidth>160</BarWidth>
    <BeforeTextToSpeak />
    <BeforeTime>0</BeforeTime>
    <ChangeFontColorsWhenWarning>false</ChangeFontColorsWhenWarning>
    <DisplayNo>15</DisplayNo>
    <DontHide>false</DontHide>
    <Enabled>true</Enabled>
    <ExtendBeyondOriginalRecastTime>false</ExtendBeyondOriginalRecastTime>
    <Font FontFamily="メイリオ" Size="14" Stretch="Normal" Style="Normal" Weight="Bold" />
    <FontColor>White</FontColor>
    <FontOutlineColor>#16789D</FontOutlineColor>
    <Guid>23174bea-f0ab-4a51-9ace-1d689921182a</Guid>
    <HideSpellName>false</HideSpellName>
    <ID>15</ID>
    <IsReverse>true</IsReverse>
    <JobFilter />
    <Keyword>&lt;mex&gt; gains the effect of 強化薬</Keyword>
    <KeywordForExtend1 />
    <KeywordForExtend2 />
    <MatchDateTime>0001-01-01T00:00:00</MatchDateTime>
    <MatchTextToSpeak />
    <OverlapRecastTime>false</OverlapRecastTime>
    <OverTextToSpeak />
    <OverTime>0</OverTime>
    <Panel>味方のバフ</Panel>
    <ProgressBarVisible>true</ProgressBarVisible>
    <RecastTime>15</RecastTime>
    <RecastTimeExtending1>0</RecastTimeExtending1>
    <RecastTimeExtending2>0</RecastTimeExtending2>
    <ReduceIconBrightness>false</ReduceIconBrightness>
    <RegexEnabled>true</RegexEnabled>
    <RepeatEnabled>false</RepeatEnabled>
    <SpellIcon />
    <SpellIconSize>0</SpellIconSize>
    <SpellTitle>強化薬</SpellTitle>
    <TimersMustRunningForStart />
    <TimersMustStoppingForStart />
    <TimeupHide>false</TimeupHide>
    <TimeupTextToSpeak />
    <ToInstance>false</ToInstance>
    <UpperLimitOfExtension>0</UpperLimitOfExtension>
    <WarningFontColor>OrangeRed</WarningFontColor>
    <WarningFontOutlineColor>DarkRed</WarningFontOutlineColor>
    <WarningTime>0</WarningTime>
    <BlinkTime>0</BlinkTime>
    <BlinkIcon>false</BlinkIcon>
    <BlinkBar>false</BlinkBar>
    <ZoneFilter />
    <BeforeSound />
    <MatchSound />
    <OverSound />
    <TimeupSound />
  </SpellTimer>
  <SpellTimer>
    <BackgroundAlpha>0</BackgroundAlpha>
    <BackgroundColor>#FFFFFF</BackgroundColor>
    <BarColor>#00C100</BarColor>
    <BarHeight>8</BarHeight>
    <BarOutlineColor>White</BarOutlineColor>
    <BarWidth>160</BarWidth>
    <BeforeTextToSpeak />
    <BeforeTime>0</BeforeTime>
    <ChangeFontColorsWhenWarning>false</ChangeFontColorsWhenWarning>
    <DisplayNo>23</DisplayNo>
    <DontHide>false</DontHide>
    <Enabled>true</Enabled>
    <ExtendBeyondOriginalRecastTime>false</ExtendBeyondOriginalRecastTime>
    <Font FontFamily="メイリオ" Size="14" Stretch="Normal" Style="Normal" Weight="Bold" />
    <FontColor>White</FontColor>
    <FontOutlineColor>#16789D</FontOutlineColor>
    <Guid>a486405f-939b-42a1-8500-e5bf2d5d7efe</Guid>
    <HideSpellName>false</HideSpellName>
    <ID>19</ID>
    <IsReverse>true</IsReverse>
    <JobFilter>19,21,32</JobFilter>
    <Keyword>&lt;mex&gt; gains the effect of コンバレセンス</Keyword>
    <KeywordForExtend1 />
    <KeywordForExtend2 />
    <MatchDateTime>0001-01-01T00:00:00</MatchDateTime>
    <MatchTextToSpeak />
    <OverlapRecastTime>false</OverlapRecastTime>
    <OverTextToSpeak />
    <OverTime>0</OverTime>
    <Panel>味方のバフ</Panel>
    <ProgressBarVisible>true</ProgressBarVisible>
    <RecastTime>20</RecastTime>
    <RecastTimeExtending1>0</RecastTimeExtending1>
    <RecastTimeExtending2>0</RecastTimeExtending2>
    <ReduceIconBrightness>false</ReduceIconBrightness>
    <RegexEnabled>true</RegexEnabled>
    <RepeatEnabled>false</RepeatEnabled>
    <SpellIcon />
    <SpellIconSize>0</SpellIconSize>
    <SpellTitle>コンバレセンス</SpellTitle>
    <TimersMustRunningForStart />
    <TimersMustStoppingForStart />
    <TimeupHide>false</TimeupHide>
    <TimeupTextToSpeak />
    <ToInstance>false</ToInstance>
    <UpperLimitOfExtension>0</UpperLimitOfExtension>
    <WarningFontColor>OrangeRed</WarningFontColor>
    <WarningFontOutlineColor>DarkRed</WarningFontOutlineColor>
    <WarningTime>0</WarningTime>
    <BlinkTime>0</BlinkTime>
    <BlinkIcon>false</BlinkIcon>
    <BlinkBar>false</BlinkBar>
    <ZoneFilter />
    <BeforeSound />
    <MatchSound />
    <OverSound />
    <TimeupSound />
  </SpellTimer>
  <SpellTimer>
    <BackgroundAlpha>0</BackgroundAlpha>
    <BackgroundColor>#FFFFFF</BackgroundColor>
    <BarColor>#2F2FFF</BarColor>
    <BarHeight>8</BarHeight>
    <BarOutlineColor>White</BarOutlineColor>
    <BarWidth>160</BarWidth>
    <BeforeTextToSpeak />
    <BeforeTime>0</BeforeTime>
    <ChangeFontColorsWhenWarning>false</ChangeFontColorsWhenWarning>
    <DisplayNo>36</DisplayNo>
    <DontHide>false</DontHide>
    <Enabled>true</Enabled>
    <ExtendBeyondOriginalRecastTime>false</ExtendBeyondOriginalRecastTime>
    <Font FontFamily="メイリオ" Size="14" Stretch="Normal" Style="Normal" Weight="Bold" />
    <FontColor>White</FontColor>
    <FontOutlineColor>#16789D</FontOutlineColor>
    <Guid>d35eb727-fb49-4da8-9edc-3c1a246e43b9</Guid>
    <HideSpellName>false</HideSpellName>
    <ID>29</ID>
    <IsReverse>true</IsReverse>
    <JobFilter>19</JobFilter>
    <Keyword>&lt;mex&gt; gains the effect of センチネル</Keyword>
    <KeywordForExtend1 />
    <KeywordForExtend2 />
    <MatchDateTime>0001-01-01T00:00:00</MatchDateTime>
    <MatchTextToSpeak />
    <OverlapRecastTime>false</OverlapRecastTime>
    <OverTextToSpeak />
    <OverTime>0</OverTime>
    <Panel>味方のバフ</Panel>
    <ProgressBarVisible>true</ProgressBarVisible>
    <RecastTime>11</RecastTime>
    <RecastTimeExtending1>0</RecastTimeExtending1>
    <RecastTimeExtending2>0</RecastTimeExtending2>
    <ReduceIconBrightness>false</ReduceIconBrightness>
    <RegexEnabled>true</RegexEnabled>
    <RepeatEnabled>false</RepeatEnabled>
    <SpellIcon />
    <SpellIconSize>0</SpellIconSize>
    <SpellTitle>センチネル</SpellTitle>
    <TimersMustRunningForStart />
    <TimersMustStoppingForStart />
    <TimeupHide>false</TimeupHide>
    <TimeupTextToSpeak />
    <ToInstance>false</ToInstance>
    <UpperLimitOfExtension>0</UpperLimitOfExtension>
    <WarningFontColor>OrangeRed</WarningFontColor>
    <WarningFontOutlineColor>DarkRed</WarningFontOutlineColor>
    <WarningTime>0</WarningTime>
    <BlinkTime>0</BlinkTime>
    <BlinkIcon>false</BlinkIcon>
    <BlinkBar>false</BlinkBar>
    <ZoneFilter />
    <BeforeSound />
    <MatchSound />
    <OverSound />
    <TimeupSound />
  </SpellTimer>
  <SpellTimer>
    <BackgroundAlpha>0</BackgroundAlpha>
    <BackgroundColor>#FFFFFF</BackgroundColor>
    <BarColor>#FFB973</BarColor>
    <BarHeight>8</BarHeight>
    <BarOutlineColor>White</BarOutlineColor>
    <BarWidth>160</BarWidth>
    <BeforeTextToSpeak />
    <BeforeTime>0</BeforeTime>
    <ChangeFontColorsWhenWarning>false</ChangeFontColorsWhenWarning>
    <DisplayNo>37</DisplayNo>
    <DontHide>false</DontHide>
    <Enabled>true</Enabled>
    <ExtendBeyondOriginalRecastTime>false</ExtendBeyondOriginalRecastTime>
    <Font FontFamily="メイリオ" Size="14" Stretch="Normal" Style="Normal" Weight="Bold" />
    <FontColor>White</FontColor>
    <FontOutlineColor>#16789D</FontOutlineColor>
    <Guid>44a53282-300f-4094-80fb-7d8409ca90f0</Guid>
    <HideSpellName>false</HideSpellName>
    <ID>30</ID>
    <IsReverse>true</IsReverse>
    <JobFilter>19</JobFilter>
    <Keyword>&lt;mex&gt; gains the effect of ブルワーク</Keyword>
    <KeywordForExtend1 />
    <KeywordForExtend2 />
    <MatchDateTime>0001-01-01T00:00:00</MatchDateTime>
    <MatchTextToSpeak />
    <OverlapRecastTime>false</OverlapRecastTime>
    <OverTextToSpeak />
    <OverTime>0</OverTime>
    <Panel>味方のバフ</Panel>
    <ProgressBarVisible>true</ProgressBarVisible>
    <RecastTime>15</RecastTime>
    <RecastTimeExtending1>0</RecastTimeExtending1>
    <RecastTimeExtending2>0</RecastTimeExtending2>
    <ReduceIconBrightness>false</ReduceIconBrightness>
    <RegexEnabled>true</RegexEnabled>
    <RepeatEnabled>false</RepeatEnabled>
    <SpellIcon />
    <SpellIconSize>0</SpellIconSize>
    <SpellTitle>ブルワーク</SpellTitle>
    <TimersMustRunningForStart />
    <TimersMustStoppingForStart />
    <TimeupHide>false</TimeupHide>
    <TimeupTextToSpeak />
    <ToInstance>false</ToInstance>
    <UpperLimitOfExtension>0</UpperLimitOfExtension>
    <WarningFontColor>OrangeRed</WarningFontColor>
    <WarningFontOutlineColor>DarkRed</WarningFontOutlineColor>
    <WarningTime>0</WarningTime>
    <BlinkTime>0</BlinkTime>
    <BlinkIcon>false</BlinkIcon>
    <BlinkBar>false</BlinkBar>
    <ZoneFilter />
    <BeforeSound />
    <MatchSound />
    <OverSound />
    <TimeupSound />
  </SpellTimer>
  <SpellTimer>
    <BackgroundAlpha>0</BackgroundAlpha>
    <BackgroundColor>#FFFFFF</BackgroundColor>
    <BarColor>#6F6FFF</BarColor>
    <BarHeight>8</BarHeight>
    <BarOutlineColor>White</BarOutlineColor>
    <BarWidth>160</BarWidth>
    <BeforeTextToSpeak />
    <BeforeTime>0</BeforeTime>
    <ChangeFontColorsWhenWarning>false</ChangeFontColorsWhenWarning>
    <DisplayNo>38</DisplayNo>
    <DontHide>false</DontHide>
    <Enabled>true</Enabled>
    <ExtendBeyondOriginalRecastTime>false</ExtendBeyondOriginalRecastTime>
    <Font FontFamily="メイリオ" Size="14" Stretch="Normal" Style="Normal" Weight="Bold" />
    <FontColor>White</FontColor>
    <FontOutlineColor>#16789D</FontOutlineColor>
    <Guid>7b1158f2-498d-43b2-87cc-4fe03efb9402</Guid>
    <HideSpellName>false</HideSpellName>
    <ID>31</ID>
    <IsReverse>true</IsReverse>
    <JobFilter>19,21,32</JobFilter>
    <Keyword>&lt;mex&gt; gains the effect of ランパート</Keyword>
    <KeywordForExtend1 />
    <KeywordForExtend2 />
    <MatchDateTime>0001-01-01T00:00:00</MatchDateTime>
    <MatchTextToSpeak />
    <OverlapRecastTime>false</OverlapRecastTime>
    <OverTextToSpeak />
    <OverTime>0</OverTime>
    <Panel>味方のバフ</Panel>
    <ProgressBarVisible>true</ProgressBarVisible>
    <RecastTime>20</RecastTime>
    <RecastTimeExtending1>0</RecastTimeExtending1>
    <RecastTimeExtending2>0</RecastTimeExtending2>
    <ReduceIconBrightness>false</ReduceIconBrightness>
    <RegexEnabled>true</RegexEnabled>
    <RepeatEnabled>false</RepeatEnabled>
    <SpellIcon>10_TankRole\7531_ランパート.png</SpellIcon>
    <SpellIconSize>0</SpellIconSize>
    <SpellTitle>ランパート</SpellTitle>
    <TimersMustRunningForStart />
    <TimersMustStoppingForStart />
    <TimeupHide>false</TimeupHide>
    <TimeupTextToSpeak />
    <ToInstance>false</ToInstance>
    <UpperLimitOfExtension>0</UpperLimitOfExtension>
    <WarningFontColor>OrangeRed</WarningFontColor>
    <WarningFontOutlineColor>DarkRed</WarningFontOutlineColor>
    <WarningTime>0</WarningTime>
    <BlinkTime>0</BlinkTime>
    <BlinkIcon>false</BlinkIcon>
    <BlinkBar>false</BlinkBar>
    <ZoneFilter />
    <BeforeSound />
    <MatchSound />
    <OverSound />
    <TimeupSound />
  </SpellTimer>
  <SpellTimer>
    <BackgroundAlpha>0</BackgroundAlpha>
    <BackgroundColor>#FFFFFF</BackgroundColor>
    <BarColor>Yellow</BarColor>
    <BarHeight>8</BarHeight>
    <BarOutlineColor>White</BarOutlineColor>
    <BarWidth>160</BarWidth>
    <BeforeTextToSpeak />
    <BeforeTime>0</BeforeTime>
    <ChangeFontColorsWhenWarning>false</ChangeFontColorsWhenWarning>
    <DisplayNo>39</DisplayNo>
    <DontHide>false</DontHide>
    <Enabled>true</Enabled>
    <ExtendBeyondOriginalRecastTime>false</ExtendBeyondOriginalRecastTime>
    <Font FontFamily="メイリオ" Size="14" Stretch="Normal" Style="Normal" Weight="Bold" />
    <FontColor>White</FontColor>
    <FontOutlineColor>#16789D</FontOutlineColor>
    <Guid>c87cfe72-a4e1-423d-b0ce-0428c65ed518</Guid>
    <HideSpellName>false</HideSpellName>
    <ID>32</ID>
    <IsReverse>true</IsReverse>
    <JobFilter>19</JobFilter>
    <Keyword>&lt;mex&gt; gains the effect of シェルトロン</Keyword>
    <KeywordForExtend1>&lt;mex&gt;の「シェルトロン」が切れた。</KeywordForExtend1>
    <KeywordForExtend2 />
    <MatchDateTime>0001-01-01T00:00:00</MatchDateTime>
    <MatchTextToSpeak />
    <OverlapRecastTime>false</OverlapRecastTime>
    <OverTextToSpeak />
    <OverTime>0</OverTime>
    <Panel>味方のバフ</Panel>
    <ProgressBarVisible>true</ProgressBarVisible>
    <RecastTime>10</RecastTime>
    <RecastTimeExtending1>-20</RecastTimeExtending1>
    <RecastTimeExtending2>0</RecastTimeExtending2>
    <ReduceIconBrightness>false</ReduceIconBrightness>
    <RegexEnabled>true</RegexEnabled>
    <RepeatEnabled>false</RepeatEnabled>
    <SpellIcon />
    <SpellIconSize>0</SpellIconSize>
    <SpellTitle>シェルトロン</SpellTitle>
    <TimersMustRunningForStart />
    <TimersMustStoppingForStart />
    <TimeupHide>false</TimeupHide>
    <TimeupTextToSpeak />
    <ToInstance>false</ToInstance>
    <UpperLimitOfExtension>0</UpperLimitOfExtension>
    <WarningFontColor>OrangeRed</WarningFontColor>
    <WarningFontOutlineColor>DarkRed</WarningFontOutlineColor>
    <WarningTime>0</WarningTime>
    <BlinkTime>0</BlinkTime>
    <BlinkIcon>false</BlinkIcon>
    <BlinkBar>false</BlinkBar>
    <ZoneFilter />
    <BeforeSound />
    <MatchSound />
    <OverSound />
    <TimeupSound />
  </SpellTimer>
  <SpellTimer>
    <BackgroundAlpha>0</BackgroundAlpha>
    <BackgroundColor>#FFFFFF</BackgroundColor>
    <BarColor>#FF4040</BarColor>
    <BarHeight>8</BarHeight>
    <BarOutlineColor>White</BarOutlineColor>
    <BarWidth>160</BarWidth>
    <BeforeTextToSpeak />
    <BeforeTime>0</BeforeTime>
    <ChangeFontColorsWhenWarning>false</ChangeFontColorsWhenWarning>
    <DisplayNo>41</DisplayNo>
    <DontHide>false</DontHide>
    <Enabled>true</Enabled>
    <ExtendBeyondOriginalRecastTime>false</ExtendBeyondOriginalRecastTime>
    <Font FontFamily="メイリオ" Size="14" Stretch="Normal" Style="Normal" Weight="Bold" />
    <FontColor>White</FontColor>
    <FontOutlineColor>#16789D</FontOutlineColor>
    <Guid>4d9f83cf-4166-4d16-9f44-999f29aff1a6</Guid>
    <HideSpellName>false</HideSpellName>
    <ID>34</ID>
    <IsReverse>true</IsReverse>
    <JobFilter>19</JobFilter>
    <Keyword>&lt;mex&gt; gains the effect of ファイト・オア・フライト</Keyword>
    <KeywordForExtend1 />
    <KeywordForExtend2 />
    <MatchDateTime>0001-01-01T00:00:00</MatchDateTime>
    <MatchTextToSpeak />
    <OverlapRecastTime>false</OverlapRecastTime>
    <OverTextToSpeak />
    <OverTime>0</OverTime>
    <Panel>味方のバフ</Panel>
    <ProgressBarVisible>true</ProgressBarVisible>
    <RecastTime>25</RecastTime>
    <RecastTimeExtending1>0</RecastTimeExtending1>
    <RecastTimeExtending2>0</RecastTimeExtending2>
    <ReduceIconBrightness>false</ReduceIconBrightness>
    <RegexEnabled>true</RegexEnabled>
    <RepeatEnabled>false</RepeatEnabled>
    <SpellIcon />
    <SpellIconSize>0</SpellIconSize>
    <SpellTitle>与物理ダメージUP</SpellTitle>
    <TimersMustRunningForStart />
    <TimersMustStoppingForStart />
    <TimeupHide>false</TimeupHide>
    <TimeupTextToSpeak />
    <ToInstance>false</ToInstance>
    <UpperLimitOfExtension>0</UpperLimitOfExtension>
    <WarningFontColor>OrangeRed</WarningFontColor>
    <WarningFontOutlineColor>DarkRed</WarningFontOutlineColor>
    <WarningTime>0</WarningTime>
    <BlinkTime>0</BlinkTime>
    <BlinkIcon>false</BlinkIcon>
    <BlinkBar>false</BlinkBar>
    <ZoneFilter />
    <BeforeSound />
    <MatchSound />
    <OverSound />
    <TimeupSound />
  </SpellTimer>
  <SpellTimer>
    <BackgroundAlpha>0</BackgroundAlpha>
    <BackgroundColor>#FFFFFF</BackgroundColor>
    <BarColor>#FFE1D2</BarColor>
    <BarHeight>8</BarHeight>
    <BarOutlineColor>White</BarOutlineColor>
    <BarWidth>160</BarWidth>
    <BeforeTextToSpeak />
    <BeforeTime>0</BeforeTime>
    <ChangeFontColorsWhenWarning>false</ChangeFontColorsWhenWarning>
    <DisplayNo>42</DisplayNo>
    <DontHide>false</DontHide>
    <Enabled>true</Enabled>
    <ExtendBeyondOriginalRecastTime>false</ExtendBeyondOriginalRecastTime>
    <Font FontFamily="メイリオ" Size="14" Stretch="Normal" Style="Normal" Weight="Bold" />
    <FontColor>White</FontColor>
    <FontOutlineColor>#16789D</FontOutlineColor>
    <Guid>bbb34421-7862-46d4-823d-59a2b1baa0f4</Guid>
    <HideSpellName>false</HideSpellName>
    <ID>35</ID>
    <IsReverse>true</IsReverse>
    <JobFilter>19</JobFilter>
    <Keyword>&lt;mex&gt; gains the effect of 鋼の意志</Keyword>
    <KeywordForExtend1 />
    <KeywordForExtend2 />
    <MatchDateTime>0001-01-01T00:00:00</MatchDateTime>
    <MatchTextToSpeak />
    <OverlapRecastTime>false</OverlapRecastTime>
    <OverTextToSpeak />
    <OverTime>0</OverTime>
    <Panel>味方のバフ</Panel>
    <ProgressBarVisible>true</ProgressBarVisible>
    <RecastTime>10</RecastTime>
    <RecastTimeExtending1>0</RecastTimeExtending1>
    <RecastTimeExtending2>0</RecastTimeExtending2>
    <ReduceIconBrightness>false</ReduceIconBrightness>
    <RegexEnabled>true</RegexEnabled>
    <RepeatEnabled>false</RepeatEnabled>
    <SpellIcon />
    <SpellIconSize>0</SpellIconSize>
    <SpellTitle>鋼の意志</SpellTitle>
    <TimersMustRunningForStart />
    <TimersMustStoppingForStart />
    <TimeupHide>false</TimeupHide>
    <TimeupTextToSpeak />
    <ToInstance>false</ToInstance>
    <UpperLimitOfExtension>0</UpperLimitOfExtension>
    <WarningFontColor>OrangeRed</WarningFontColor>
    <WarningFontOutlineColor>DarkRed</WarningFontOutlineColor>
    <WarningTime>0</WarningTime>
    <BlinkTime>0</BlinkTime>
    <BlinkIcon>false</BlinkIcon>
    <BlinkBar>false</BlinkBar>
    <ZoneFilter />
    <BeforeSound />
    <MatchSound />
    <OverSound />
    <TimeupSound />
  </SpellTimer>
  <SpellTimer>
    <BackgroundAlpha>0</BackgroundAlpha>
    <BackgroundColor>#FFFFFF</BackgroundColor>
    <BarColor>#1EB6FF</BarColor>
    <BarHeight>8</BarHeight>
    <BarOutlineColor>White</BarOutlineColor>
    <BarWidth>160</BarWidth>
    <BeforeTextToSpeak />
    <BeforeTime>0</BeforeTime>
    <ChangeFontColorsWhenWarning>false</ChangeFontColorsWhenWarning>
    <DisplayNo>74</DisplayNo>
    <DontHide>false</DontHide>
    <Enabled>true</Enabled>
    <ExtendBeyondOriginalRecastTime>false</ExtendBeyondOriginalRecastTime>
    <Font FontFamily="メイリオ" Size="14" Stretch="Normal" Style="Normal" Weight="Bold" />
    <FontColor>White</FontColor>
    <FontOutlineColor>#16789D</FontOutlineColor>
    <Guid>ab07da86-d98f-4b42-b277-e5009041581d</Guid>
    <HideSpellName>false</HideSpellName>
    <ID>54</ID>
    <IsReverse>true</IsReverse>
    <JobFilter>19,21,32</JobFilter>
    <Keyword>&lt;mex&gt; gains the effect of 見切り</Keyword>
    <KeywordForExtend1 />
    <KeywordForExtend2 />
    <MatchDateTime>0001-01-01T00:00:00</MatchDateTime>
    <MatchTextToSpeak />
    <OverlapRecastTime>false</OverlapRecastTime>
    <OverTextToSpeak />
    <OverTime>0</OverTime>
    <Panel>味方のバフ</Panel>
    <ProgressBarVisible>true</ProgressBarVisible>
    <RecastTime>20</RecastTime>
    <RecastTimeExtending1>0</RecastTimeExtending1>
    <RecastTimeExtending2>0</RecastTimeExtending2>
    <ReduceIconBrightness>false</ReduceIconBrightness>
    <RegexEnabled>true</RegexEnabled>
    <RepeatEnabled>false</RepeatEnabled>
    <SpellIcon />
    <SpellIconSize>0</SpellIconSize>
    <SpellTitle>見切り</SpellTitle>
    <TimersMustRunningForStart />
    <TimersMustStoppingForStart />
    <TimeupHide>false</TimeupHide>
    <TimeupTextToSpeak />
    <ToInstance>false</ToInstance>
    <UpperLimitOfExtension>0</UpperLimitOfExtension>
    <WarningFontColor>OrangeRed</WarningFontColor>
    <WarningFontOutlineColor>DarkRed</WarningFontOutlineColor>
    <WarningTime>0</WarningTime>
    <BlinkTime>0</BlinkTime>
    <BlinkIcon>false</BlinkIcon>
    <BlinkBar>false</BlinkBar>
    <ZoneFilter />
    <BeforeSound />
    <MatchSound />
    <OverSound />
    <TimeupSound />
  </SpellTimer>
  <SpellTimer>
    <BackgroundAlpha>0</BackgroundAlpha>
    <BackgroundColor>#FFFFFF</BackgroundColor>
    <BarColor>#C0C0E0</BarColor>
    <BarHeight>8</BarHeight>
    <BarOutlineColor>White</BarOutlineColor>
    <BarWidth>160</BarWidth>
    <BeforeTextToSpeak />
    <BeforeTime>0</BeforeTime>
    <ChangeFontColorsWhenWarning>false</ChangeFontColorsWhenWarning>
    <DisplayNo>105</DisplayNo>
    <DontHide>false</DontHide>
    <Enabled>true</Enabled>
    <ExtendBeyondOriginalRecastTime>false</ExtendBeyondOriginalRecastTime>
    <Font FontFamily="メイリオ" Size="14" Stretch="Normal" Style="Normal" Weight="Bold" />
    <FontColor>White</FontColor>
    <FontOutlineColor>#16789D</FontOutlineColor>
    <Guid>b16225d0-6ec2-4157-87c5-6a5f95414d4c</Guid>
    <HideSpellName>false</HideSpellName>
    <ID>84</ID>
    <IsReverse>true</IsReverse>
    <JobFilter />
    <Keyword>&lt;mex&gt; gains the effect of レクイエスカット</Keyword>
    <KeywordForExtend1 />
    <KeywordForExtend2 />
    <MatchDateTime>0001-01-01T00:00:00</MatchDateTime>
    <MatchTextToSpeak />
    <OverlapRecastTime>false</OverlapRecastTime>
    <OverTextToSpeak />
    <OverTime>0</OverTime>
    <Panel>味方のバフ</Panel>
    <ProgressBarVisible>true</ProgressBarVisible>
    <RecastTime>12</RecastTime>
    <RecastTimeExtending1>0</RecastTimeExtending1>
    <RecastTimeExtending2>0</RecastTimeExtending2>
    <ReduceIconBrightness>false</ReduceIconBrightness>
    <RegexEnabled>true</RegexEnabled>
    <RepeatEnabled>false</RepeatEnabled>
    <SpellIcon />
    <SpellIconSize>0</SpellIconSize>
    <SpellTitle>神聖魔法UP</SpellTitle>
    <TimersMustRunningForStart />
    <TimersMustStoppingForStart />
    <TimeupHide>false</TimeupHide>
    <TimeupTextToSpeak />
    <ToInstance>false</ToInstance>
    <UpperLimitOfExtension>0</UpperLimitOfExtension>
    <WarningFontColor>OrangeRed</WarningFontColor>
    <WarningFontOutlineColor>DarkRed</WarningFontOutlineColor>
    <WarningTime>0</WarningTime>
    <BlinkTime>0</BlinkTime>
    <BlinkIcon>false</BlinkIcon>
    <BlinkBar>false</BlinkBar>
    <ZoneFilter />
    <BeforeSound />
    <MatchSound />
    <OverSound />
    <TimeupSound />
  </SpellTimer>
</ArrayOfSpellTimer>