<?xml version="1.0" encoding="utf-8"?>
<ArrayOfOnePointTelop xmlns:xsd="http://www.w3.org/2001/XMLSchema" xmlns:xsi="http://www.w3.org/2001/XMLSchema-instance">
  <OnePointTelop>
    <AddMessageEnabled>false</AddMessageEnabled>
    <BackgroundAlpha>0</BackgroundAlpha>
    <BackgroundColor>#FFFFFF</BackgroundColor>
    <Delay>0</Delay>
    <DelayTextToSpeak />
    <DisplayTime>3</DisplayTime>
    <Enabled>true</Enabled>
    <Font FontFamily="メイリオ" Size="35" Stretch="Normal" Style="Normal" Weight="Bold" />
    <FontColor>White</FontColor>
    <FontOutlineColor>Blue</FontOutlineColor>
    <Guid>30e97334-6f9b-4899-bf81-ca6c329e4746</Guid>
    <ID>114</ID>
    <JobFilter />
    <Keyword>starts using ストトラム</Keyword>
    <KeywordToHide />
    <Left>660</Left>
    <MatchTextToSpeak>ストトラム</MatchTextToSpeak>
    <Message>ストトラム</Message>
    <ProgressBarEnabled>false</ProgressBarEnabled>
    <RegexEnabled>false</RegexEnabled>
    <TimersMustRunningForStart />
    <TimersMustStoppingForStart />
    <Title>極ラクシュミ.ストトラム</Title>
    <Top>350</Top>
    <ZoneFilter>720,719</ZoneFilter>
    <DelaySound />
    <MatchSound />
  </OnePointTelop>
  <OnePointTelop>
    <AddMessageEnabled>false</AddMessageEnabled>
    <BackgroundAlpha>0</BackgroundAlpha>
    <BackgroundColor>#FFFFFF</BackgroundColor>
    <Delay>0</Delay>
    <DelayTextToSpeak />
    <DisplayTime>300</DisplayTime>
    <Enabled>true</Enabled>
    <Font FontFamily="メイリオ" Size="28" Stretch="Normal" Style="Normal" Weight="Bold" />
    <FontColor>White</FontColor>
    <FontOutlineColor>Blue</FontOutlineColor>
    <Guid>dfabfa39-dea0-4b16-9234-47080a0c2188</Guid>
    <ID>113</ID>
    <JobFilter />
    <Keyword>ラクシュミ gains the effect of チャンチャラー</Keyword>
    <KeywordToHide>ラクシュミ loses the effect of チャンチャラー</KeywordToHide>
    <Left>680</Left>
    <MatchTextToSpeak />
    <Message>チャンチャラー</Message>
    <ProgressBarEnabled>false</ProgressBarEnabled>
    <RegexEnabled>false</RegexEnabled>
    <TimersMustRunningForStart />
    <TimersMustStoppingForStart />
    <Title>極ラクシュミ.チャンチャラー</Title>
    <Top>540</Top>
    <ZoneFilter>720,719</ZoneFilter>
    <DelaySound />
    <MatchSound />
  </OnePointTelop>
  <OnePointTelop>
    <AddMessageEnabled>false</AddMessageEnabled>
    <BackgroundAlpha>0</BackgroundAlpha>
    <BackgroundColor>#FFFFFF</BackgroundColor>
    <Delay>0</Delay>
    <DelayTextToSpeak />
    <DisplayTime>3</DisplayTime>
    <Enabled>true</Enabled>
    <Font FontFamily="メイリオ" Size="35" Stretch="Normal" Style="Normal" Weight="Bold" />
    <FontColor>White</FontColor>
    <FontOutlineColor>Blue</FontOutlineColor>
    <Guid>f99b8217-8e96-4adf-9fca-062196a41b65</Guid>
    <ID>109</ID>
    <JobFilter />
    <Keyword>starts using 完全なる拒絶</Keyword>
    <KeywordToHide />
    <Left>660</Left>
    <MatchTextToSpeak>拒絶</MatchTextToSpeak>
    <Message>完全なる拒絶</Message>
    <ProgressBarEnabled>false</ProgressBarEnabled>
    <RegexEnabled>false</RegexEnabled>
    <TimersMustRunningForStart />
    <TimersMustStoppingForStart />
    <Title>極ラクシュミ.完全なる拒絶</Title>
    <Top>350</Top>
    <ZoneFilter>720,719</ZoneFilter>
    <DelaySound />
    <MatchSound />
  </OnePointTelop>
  <OnePointTelop>
    <AddMessageEnabled>false</AddMessageEnabled>
    <BackgroundAlpha>0</BackgroundAlpha>
    <BackgroundColor>#FFFFFF</BackgroundColor>
    <Delay>0</Delay>
    <DelayTextToSpeak />
    <DisplayTime>3</DisplayTime>
    <Enabled>true</Enabled>
    <Font FontFamily="メイリオ" Size="35" Stretch="Normal" Style="Normal" Weight="Bold" />
    <FontColor>White</FontColor>
    <FontOutlineColor>Blue</FontOutlineColor>
    <Guid>5041fa76-bca9-4c04-9682-7927d0bac0bd</Guid>
    <ID>110</ID>
    <JobFilter />
    <Keyword>starts using 完全なる誘引</Keyword>
    <KeywordToHide />
    <Left>660</Left>
    <MatchTextToSpeak>誘引</MatchTextToSpeak>
    <Message>完全なる誘引</Message>
    <ProgressBarEnabled>false</ProgressBarEnabled>
    <RegexEnabled>false</RegexEnabled>
    <TimersMustRunningForStart />
    <TimersMustStoppingForStart />
    <Title>極ラクシュミ.完全なる誘引</Title>
    <Top>350</Top>
    <ZoneFilter>720,719</ZoneFilter>
    <DelaySound />
    <MatchSound />
  </OnePointTelop>
  <OnePointTelop>
    <AddMessageEnabled>false</AddMessageEnabled>
    <BackgroundAlpha>0</BackgroundAlpha>
    <BackgroundColor>#FFFFFF</BackgroundColor>
    <Delay>0</Delay>
    <DelayTextToSpeak />
    <DisplayTime>3</DisplayTime>
    <Enabled>true</Enabled>
    <Font FontFamily="メイリオ" Size="35" Stretch="Normal" Style="Normal" Weight="Bold" />
    <FontColor>White</FontColor>
    <FontOutlineColor>Blue</FontOutlineColor>
    <Guid>b881ede7-eab9-41eb-9a63-a69e265bb0a0</Guid>
    <ID>111</ID>
    <JobFilter />
    <Keyword>starts using 完全なる惑乱</Keyword>
    <KeywordToHide />
    <Left>660</Left>
    <MatchTextToSpeak>惑乱</MatchTextToSpeak>
    <Message>完全なる惑乱</Message>
    <ProgressBarEnabled>false</ProgressBarEnabled>
    <RegexEnabled>false</RegexEnabled>
    <TimersMustRunningForStart />
    <TimersMustStoppingForStart />
    <Title>極ラクシュミ.完全なる惑乱</Title>
    <Top>350</Top>
    <ZoneFilter>720,719</ZoneFilter>
    <DelaySound />
    <MatchSound />
  </OnePointTelop>
  <OnePointTelop>
    <AddMessageEnabled>false</AddMessageEnabled>
    <BackgroundAlpha>0</BackgroundAlpha>
    <BackgroundColor>#FFFFFF</BackgroundColor>
    <Delay>0</Delay>
    <DelayTextToSpeak />
    <DisplayTime>3</DisplayTime>
    <Enabled>false</Enabled>
    <Font FontFamily="メイリオ" Size="35" Stretch="Normal" Style="Normal" Weight="Bold" />
    <FontColor>White</FontColor>
    <FontOutlineColor>Blue</FontOutlineColor>
    <Guid>781b55dc-ef82-46e7-a3c5-b4311b102e73</Guid>
    <ID>112</ID>
    <JobFilter />
    <Keyword>ラクシュミ:215B:光の波動</Keyword>
    <KeywordToHide />
    <Left>660</Left>
    <MatchTextToSpeak>波動</MatchTextToSpeak>
    <Message>光の波動</Message>
    <ProgressBarEnabled>false</ProgressBarEnabled>
    <RegexEnabled>false</RegexEnabled>
    <TimersMustRunningForStart />
    <TimersMustStoppingForStart />
    <Title>極ラクシュミ.光の波動</Title>
    <Top>350</Top>
    <ZoneFilter />
    <DelaySound />
    <MatchSound />
  </OnePointTelop>
  <OnePointTelop>
    <AddMessageEnabled>false</AddMessageEnabled>
    <BackgroundAlpha>0</BackgroundAlpha>
    <BackgroundColor>#FFFFFF</BackgroundColor>
    <Delay>0</Delay>
    <DelayTextToSpeak />
    <DisplayTime>3</DisplayTime>
    <Enabled>true</Enabled>
    <Font FontFamily="メイリオ" Size="35" Stretch="Normal" Style="Normal" Weight="Bold" />
    <FontColor>White</FontColor>
    <FontOutlineColor>Blue</FontOutlineColor>
    <Guid>37a1effc-fee2-4502-8f9c-86b808f4c1bc</Guid>
    <ID>107</ID>
    <JobFilter />
    <Keyword>starts using 光の奔流</Keyword>
    <KeywordToHide />
    <Left>660</Left>
    <MatchTextToSpeak>奔流</MatchTextToSpeak>
    <Message>光の奔流</Message>
    <ProgressBarEnabled>false</ProgressBarEnabled>
    <RegexEnabled>false</RegexEnabled>
    <TimersMustRunningForStart />
    <TimersMustStoppingForStart />
    <Title>極ラクシュミ.光の奔流</Title>
    <Top>350</Top>
    <ZoneFilter>720,719</ZoneFilter>
    <DelaySound />
    <MatchSound />
  </OnePointTelop>
  <OnePointTelop>
    <AddMessageEnabled>false</AddMessageEnabled>
    <BackgroundAlpha>0</BackgroundAlpha>
    <BackgroundColor>#FFFFFF</BackgroundColor>
    <Delay>0</Delay>
    <DelayTextToSpeak />
    <DisplayTime>3</DisplayTime>
    <Enabled>true</Enabled>
    <Font FontFamily="メイリオ" Size="35" Stretch="Normal" Style="Normal" Weight="Bold" />
    <FontColor>White</FontColor>
    <FontOutlineColor>Blue</FontOutlineColor>
    <Guid>b8b1c848-d0f6-4a1f-9cc8-c2e162ba9205</Guid>
    <ID>108</ID>
    <JobFilter />
    <Keyword>starts using 光の瀑布</Keyword>
    <KeywordToHide />
    <Left>660</Left>
    <MatchTextToSpeak>瀑布</MatchTextToSpeak>
    <Message>光の瀑布</Message>
    <ProgressBarEnabled>false</ProgressBarEnabled>
    <RegexEnabled>false</RegexEnabled>
    <TimersMustRunningForStart />
    <TimersMustStoppingForStart />
    <Title>極ラクシュミ.光の瀑布</Title>
    <Top>350</Top>
    <ZoneFilter>720,719</ZoneFilter>
    <DelaySound />
    <MatchSound />
  </OnePointTelop>
</ArrayOfOnePointTelop>