<?xml version="1.0" encoding="utf-8"?>
<ArrayOfOnePointTelop xmlns:xsd="http://www.w3.org/2001/XMLSchema" xmlns:xsi="http://www.w3.org/2001/XMLSchema-instance">
  <OnePointTelop>
    <AddMessageEnabled>false</AddMessageEnabled>
    <BackgroundAlpha>0</BackgroundAlpha>
    <BackgroundColor>#FFFFFF</BackgroundColor>
    <Delay>0</Delay>
    <DelayTextToSpeak />
    <DisplayTime>3</DisplayTime>
    <Enabled>true</Enabled>
    <Font FontFamily="メイリオ" Size="35" Stretch="Normal" Style="Normal" Weight="Bold" />
    <FontColor>White</FontColor>
    <FontOutlineColor>Blue</FontOutlineColor>
    <Guid>c3705795-43ac-4279-a30c-ef7c3a0a032f</Guid>
    <ID>105</ID>
    <JobFilter />
    <Keyword>八雲立ち</Keyword>
    <KeywordToHide />
    <Left>660</Left>
    <MatchTextToSpeak>稲妻</MatchTextToSpeak>
    <Message>稲妻</Message>
    <ProgressBarEnabled>false</ProgressBarEnabled>
    <RegexEnabled>false</RegexEnabled>
    <TimersMustRunningForStart />
    <TimersMustStoppingForStart />
    <Title>極スサノオ.稲妻</Title>
    <Top>350</Top>
    <ZoneFilter>677,674</ZoneFilter>
    <DelaySound />
    <MatchSound />
  </OnePointTelop>
  <OnePointTelop>
    <AddMessageEnabled>false</AddMessageEnabled>
    <BackgroundAlpha>0</BackgroundAlpha>
    <BackgroundColor>#FFFFFF</BackgroundColor>
    <Delay>0</Delay>
    <DelayTextToSpeak />
    <DisplayTime>3</DisplayTime>
    <Enabled>true</Enabled>
    <Font FontFamily="メイリオ" Size="35" Stretch="Normal" Style="Normal" Weight="Bold" />
    <FontColor>White</FontColor>
    <FontOutlineColor>Blue</FontOutlineColor>
    <Guid>85b5e48b-f74c-4687-9954-d3c999c87ef9</Guid>
    <ID>106</ID>
    <JobFilter />
    <Keyword>踊れ踊れ！　乗り遅れるなよ！</Keyword>
    <KeywordToHide />
    <Left>660</Left>
    <MatchTextToSpeak>稲妻スタン</MatchTextToSpeak>
    <Message>稲妻(スタン)</Message>
    <ProgressBarEnabled>false</ProgressBarEnabled>
    <RegexEnabled>false</RegexEnabled>
    <TimersMustRunningForStart />
    <TimersMustStoppingForStart />
    <Title>極スサノオ.稲妻＋スタン</Title>
    <Top>350</Top>
    <ZoneFilter>677,674</ZoneFilter>
    <DelaySound />
    <MatchSound />
  </OnePointTelop>
  <OnePointTelop>
    <AddMessageEnabled>false</AddMessageEnabled>
    <BackgroundAlpha>0</BackgroundAlpha>
    <BackgroundColor>#FFFFFF</BackgroundColor>
    <Delay>0</Delay>
    <DelayTextToSpeak />
    <DisplayTime>10</DisplayTime>
    <Enabled>true</Enabled>
    <Font FontFamily="メイリオ" Size="35" Stretch="Normal" Style="Normal" Weight="Bold" />
    <FontColor>White</FontColor>
    <FontOutlineColor>Blue</FontOutlineColor>
    <Guid>3a3378e9-c27e-47b4-bdba-3fa41e03154b</Guid>
    <ID>103</ID>
    <JobFilter />
    <Keyword>&lt;mex&gt;に「禍泡」の効果。</Keyword>
    <KeywordToHide />
    <Left>660</Left>
    <MatchTextToSpeak>かほう</MatchTextToSpeak>
    <Message>{COUNT0} 禍泡</Message>
    <ProgressBarEnabled>true</ProgressBarEnabled>
    <RegexEnabled>true</RegexEnabled>
    <TimersMustRunningForStart />
    <TimersMustStoppingForStart />
    <Title>極スサノオ.渦泡</Title>
    <Top>350</Top>
    <ZoneFilter>677,674</ZoneFilter>
    <DelaySound />
    <MatchSound />
  </OnePointTelop>
  <OnePointTelop>
    <AddMessageEnabled>false</AddMessageEnabled>
    <BackgroundAlpha>0</BackgroundAlpha>
    <BackgroundColor>#FFFFFF</BackgroundColor>
    <Delay>6</Delay>
    <DelayTextToSpeak>4びょうまえ</DelayTextToSpeak>
    <DisplayTime>0</DisplayTime>
    <Enabled>true</Enabled>
    <Font FontFamily="メイリオ" Size="35" Stretch="Normal" Style="Normal" Weight="Bold" />
    <FontColor>White</FontColor>
    <FontOutlineColor>Blue</FontOutlineColor>
    <Guid>f244b179-c30c-4ce1-a521-ae6912122134</Guid>
    <ID>104</ID>
    <JobFilter />
    <Keyword>&lt;mex&gt;に「禍泡」の効果。</Keyword>
    <KeywordToHide />
    <Left>660</Left>
    <MatchTextToSpeak />
    <Message />
    <ProgressBarEnabled>true</ProgressBarEnabled>
    <RegexEnabled>true</RegexEnabled>
    <TimersMustRunningForStart />
    <TimersMustStoppingForStart />
    <Title>極スサノオ.渦泡(音)</Title>
    <Top>350</Top>
    <ZoneFilter>677,674</ZoneFilter>
    <DelaySound />
    <MatchSound />
  </OnePointTelop>
  <OnePointTelop>
    <AddMessageEnabled>false</AddMessageEnabled>
    <BackgroundAlpha>0</BackgroundAlpha>
    <BackgroundColor>#FFFFFF</BackgroundColor>
    <Delay>0</Delay>
    <DelayTextToSpeak />
    <DisplayTime>3</DisplayTime>
    <Enabled>true</Enabled>
    <Font FontFamily="メイリオ" Size="35" Stretch="Normal" Style="Normal" Weight="Bold" />
    <FontColor>White</FontColor>
    <FontOutlineColor>Blue</FontOutlineColor>
    <Guid>5723f77d-16b7-416c-8fc4-e790948c46a0</Guid>
    <ID>102</ID>
    <JobFilter />
    <Keyword>starts using 海嵐斬</Keyword>
    <KeywordToHide />
    <Left>660</Left>
    <MatchTextToSpeak>かいらんざん</MatchTextToSpeak>
    <Message>海嵐斬</Message>
    <ProgressBarEnabled>false</ProgressBarEnabled>
    <RegexEnabled>false</RegexEnabled>
    <TimersMustRunningForStart />
    <TimersMustStoppingForStart />
    <Title>極スサノオ.海嵐斬</Title>
    <Top>350</Top>
    <ZoneFilter>677,674</ZoneFilter>
    <DelaySound />
    <MatchSound />
  </OnePointTelop>
</ArrayOfOnePointTelop>